{
    "train_accuracy": 0.7951582867783985,
    "test_accuracy": 0.7056277056277056,
    "precision": 0.6326530612244898,
    "recall": 0.38271604938271603,
    "f1_score": 0.47692307692307695,
    "best_params": {
        "max_depth": 4,
        "criterion": "gini"
    }
}